<?xml version="1.0" encoding="UTF-8"?><rss version="2.0"
	xmlns:content="http://purl.org/rss/1.0/modules/content/"
	xmlns:wfw="http://wellformedweb.org/CommentAPI/"
	xmlns:dc="http://purl.org/dc/elements/1.1/"
	xmlns:atom="http://www.w3.org/2005/Atom"
	xmlns:sy="http://purl.org/rss/1.0/modules/syndication/"
	xmlns:slash="http://purl.org/rss/1.0/modules/slash/"
	>

<channel>
	<title>Products &#8211; ECOMMERSHA3</title>
	<atom:link href="./index.html" rel="self" type="application/rss+xml" />
	<link>./../../index.html</link>
	<description>Just another WordPress site</description>
	<lastBuildDate>Thu, 21 Dec 2017 04:45:24 +0000</lastBuildDate>
	<language>en-US</language>
	<sy:updatePeriod>
	hourly	</sy:updatePeriod>
	<sy:updateFrequency>
	1	</sy:updateFrequency>
	<generator>https://wordpress.org/?v=5.6.1</generator>
	<item>
		<title>DNK Black Shoes</title>
		<link>./../../product/dnk-black-shoes/index.html</link>
					<comments>./../../product/dnk-black-shoes/index.html#respond</comments>
		
		<dc:creator><![CDATA[admin]]></dc:creator>
		<pubDate>Thu, 21 Dec 2017 04:45:24 +0000</pubDate>
				<guid isPermaLink="false">./../../product/dnk-black-shoes/index.html</guid>

					<description><![CDATA[Nam nec tellus a odio tincidunt auctor a ornare odio. Sed non mauris vitae erat consequat auctor eu in elit. Class aptent taciti sociosqu ad litora torquent per conubia nostra, per inceptos himenaeos. Mauris in erat justo. Nullam ac urna eu felis dapibus condimentum sit amet a augue. Sed non neque elit sed.]]></description>
										<content:encoded><![CDATA[<p>Nam nec tellus a odio tincidunt auctor a ornare odio. Sed non mauris vitae erat consequat auctor eu in elit. Class aptent taciti sociosqu ad litora torquent per conubia nostra, per inceptos himenaeos. Mauris in erat justo. Nullam ac urna eu felis dapibus condimentum sit amet a augue. Sed non neque elit sed.</p>
]]></content:encoded>
					
					<wfw:commentRss>./../../product/dnk-black-shoes/feed/index.html</wfw:commentRss>
			<slash:comments>0</slash:comments>
		
		
			</item>
		<item>
		<title>DNK Yellow Shoes</title>
		<link>./../../product/dnk-yellow-shoes/index.html</link>
					<comments>./../../product/dnk-yellow-shoes/index.html#respond</comments>
		
		<dc:creator><![CDATA[admin]]></dc:creator>
		<pubDate>Thu, 21 Dec 2017 04:37:29 +0000</pubDate>
				<guid isPermaLink="false">./../../product/dnk-yellow-shoes/index.html</guid>

					<description><![CDATA[Nam nec tellus a odio tincidunt auctor a ornare odio. Sed non mauris vitae erat consequat auctor eu in elit. Class aptent taciti sociosqu ad litora torquent per conubia nostra, per inceptos himenaeos. Mauris in erat justo. Nullam ac urna eu felis dapibus condimentum sit amet a augue. Sed non neque elit sed.]]></description>
										<content:encoded><![CDATA[<p>Nam nec tellus a odio tincidunt auctor a ornare odio. Sed non mauris vitae erat consequat auctor eu in elit. Class aptent taciti sociosqu ad litora torquent per conubia nostra, per inceptos himenaeos. Mauris in erat justo. Nullam ac urna eu felis dapibus condimentum sit amet a augue. Sed non neque elit sed.</p>
]]></content:encoded>
					
					<wfw:commentRss>./../../product/dnk-yellow-shoes/feed/index.html</wfw:commentRss>
			<slash:comments>0</slash:comments>
		
		
			</item>
		<item>
		<title>DNK Red Shoes</title>
		<link>./../../product/dnk-red-shoes/index.html</link>
					<comments>./../../product/dnk-red-shoes/index.html#respond</comments>
		
		<dc:creator><![CDATA[admin]]></dc:creator>
		<pubDate>Thu, 21 Dec 2017 04:37:26 +0000</pubDate>
				<guid isPermaLink="false">./../../product/dnk-red-shoes/index.html</guid>

					<description><![CDATA[Nam nec tellus a odio tincidunt auctor a ornare odio. Sed non mauris vitae erat consequat auctor eu in elit. Class aptent taciti sociosqu ad litora torquent per conubia nostra, per inceptos himenaeos. Mauris in erat justo. Nullam ac urna eu felis dapibus condimentum sit amet a augue. Sed non neque elit sed.]]></description>
										<content:encoded><![CDATA[<p>Nam nec tellus a odio tincidunt auctor a ornare odio. Sed non mauris vitae erat consequat auctor eu in elit. Class aptent taciti sociosqu ad litora torquent per conubia nostra, per inceptos himenaeos. Mauris in erat justo. Nullam ac urna eu felis dapibus condimentum sit amet a augue. Sed non neque elit sed.</p>
]]></content:encoded>
					
					<wfw:commentRss>./../../product/dnk-red-shoes/feed/index.html</wfw:commentRss>
			<slash:comments>0</slash:comments>
		
		
			</item>
		<item>
		<title>DNK Blue Shoes</title>
		<link>./../../product/dnk-blue-shoes/index.html</link>
					<comments>./../../product/dnk-blue-shoes/index.html#respond</comments>
		
		<dc:creator><![CDATA[admin]]></dc:creator>
		<pubDate>Thu, 21 Dec 2017 04:37:21 +0000</pubDate>
				<guid isPermaLink="false">./../../product/dnk-blue-shoes/index.html</guid>

					<description><![CDATA[Nam nec tellus a odio tincidunt auctor a ornare odio. Sed non mauris vitae erat consequat auctor eu in elit. Class aptent taciti sociosqu ad litora torquent per conubia nostra, per inceptos himenaeos. Mauris in erat justo. Nullam ac urna eu felis dapibus condimentum sit amet a augue. Sed non neque elit sed.]]></description>
										<content:encoded><![CDATA[<p>Nam nec tellus a odio tincidunt auctor a ornare odio. Sed non mauris vitae erat consequat auctor eu in elit. Class aptent taciti sociosqu ad litora torquent per conubia nostra, per inceptos himenaeos. Mauris in erat justo. Nullam ac urna eu felis dapibus condimentum sit amet a augue. Sed non neque elit sed.</p>
]]></content:encoded>
					
					<wfw:commentRss>./../../product/dnk-blue-shoes/feed/index.html</wfw:commentRss>
			<slash:comments>0</slash:comments>
		
		
			</item>
		<item>
		<title>Dark Brown Jeans</title>
		<link>./../../product/dark-brown-jeans/index.html</link>
					<comments>./../../product/dark-brown-jeans/index.html#respond</comments>
		
		<dc:creator><![CDATA[admin]]></dc:creator>
		<pubDate>Wed, 20 Dec 2017 14:16:27 +0000</pubDate>
				<guid isPermaLink="false">./../../product/dark-brown-jeans/index.html</guid>

					<description><![CDATA[Nam nec tellus a odio tincidunt auctor a ornare odio. Sed non mauris vitae erat consequat auctor eu in elit. Class aptent taciti sociosqu ad litora torquent per conubia nostra, per inceptos himenaeos. Mauris in erat justo. Nullam ac urna eu felis dapibus condimentum sit amet a augue. Sed non neque elit sed.]]></description>
										<content:encoded><![CDATA[<p>Nam nec tellus a odio tincidunt auctor a ornare odio. Sed non mauris vitae erat consequat auctor eu in elit. Class aptent taciti sociosqu ad litora torquent per conubia nostra, per inceptos himenaeos. Mauris in erat justo. Nullam ac urna eu felis dapibus condimentum sit amet a augue. Sed non neque elit sed.</p>
]]></content:encoded>
					
					<wfw:commentRss>./../../product/dark-brown-jeans/feed/index.html</wfw:commentRss>
			<slash:comments>0</slash:comments>
		
		
			</item>
		<item>
		<title>Dark Blue Denim Jeans</title>
		<link>./../../product/dark-blue-denim-jeans/index.html</link>
					<comments>./../../product/dark-blue-denim-jeans/index.html#respond</comments>
		
		<dc:creator><![CDATA[admin]]></dc:creator>
		<pubDate>Wed, 20 Dec 2017 14:16:19 +0000</pubDate>
				<guid isPermaLink="false">./../../product/dark-blue-denim-jeans/index.html</guid>

					<description><![CDATA[Nam nec tellus a odio tincidunt auctor a ornare odio. Sed non mauris vitae erat consequat auctor eu in elit. Class aptent taciti sociosqu ad litora torquent per conubia nostra, per inceptos himenaeos. Mauris in erat justo. Nullam ac urna eu felis dapibus condimentum sit amet a augue. Sed non neque elit sed.]]></description>
										<content:encoded><![CDATA[<p>Nam nec tellus a odio tincidunt auctor a ornare odio. Sed non mauris vitae erat consequat auctor eu in elit. Class aptent taciti sociosqu ad litora torquent per conubia nostra, per inceptos himenaeos. Mauris in erat justo. Nullam ac urna eu felis dapibus condimentum sit amet a augue. Sed non neque elit sed.</p>
]]></content:encoded>
					
					<wfw:commentRss>./../../product/dark-blue-denim-jeans/feed/index.html</wfw:commentRss>
			<slash:comments>0</slash:comments>
		
		
			</item>
		<item>
		<title>Faint Washed Denim Blue Jeans</title>
		<link>./../../product/faint-washed-denim-blue-jeans/index.html</link>
					<comments>./../../product/faint-washed-denim-blue-jeans/index.html#respond</comments>
		
		<dc:creator><![CDATA[admin]]></dc:creator>
		<pubDate>Wed, 20 Dec 2017 14:16:06 +0000</pubDate>
				<guid isPermaLink="false">./../../product/faint-washed-denim-blue-jeans/index.html</guid>

					<description><![CDATA[Nam nec tellus a odio tincidunt auctor a ornare odio. Sed non mauris vitae erat consequat auctor eu in elit. Class aptent taciti sociosqu ad litora torquent per conubia nostra, per inceptos himenaeos. Mauris in erat justo. Nullam ac urna eu felis dapibus condimentum sit amet a augue. Sed non neque elit sed.]]></description>
										<content:encoded><![CDATA[<p>Nam nec tellus a odio tincidunt auctor a ornare odio. Sed non mauris vitae erat consequat auctor eu in elit. Class aptent taciti sociosqu ad litora torquent per conubia nostra, per inceptos himenaeos. Mauris in erat justo. Nullam ac urna eu felis dapibus condimentum sit amet a augue. Sed non neque elit sed.</p>
]]></content:encoded>
					
					<wfw:commentRss>./../../product/faint-washed-denim-blue-jeans/feed/index.html</wfw:commentRss>
			<slash:comments>0</slash:comments>
		
		
			</item>
		<item>
		<title>Dark Gray Jeans</title>
		<link>./../../product/dark-gray-jeans/index.html</link>
					<comments>./../../product/dark-gray-jeans/index.html#respond</comments>
		
		<dc:creator><![CDATA[admin]]></dc:creator>
		<pubDate>Wed, 20 Dec 2017 07:04:21 +0000</pubDate>
				<guid isPermaLink="false">./../../product/dark-gray-jeans/index.html</guid>

					<description><![CDATA[Nam nec tellus a odio tincidunt auctor a ornare odio. Sed non mauris vitae erat consequat auctor eu in elit. Class aptent taciti sociosqu ad litora torquent per conubia nostra, per inceptos himenaeos. Mauris in erat justo. Nullam ac urna eu felis dapibus condimentum sit amet a augue. Sed non neque elit sed.]]></description>
										<content:encoded><![CDATA[<p>Nam nec tellus a odio tincidunt auctor a ornare odio. Sed non mauris vitae erat consequat auctor eu in elit. Class aptent taciti sociosqu ad litora torquent per conubia nostra, per inceptos himenaeos. Mauris in erat justo. Nullam ac urna eu felis dapibus condimentum sit amet a augue. Sed non neque elit sed.</p>
]]></content:encoded>
					
					<wfw:commentRss>./../../product/dark-gray-jeans/feed/index.html</wfw:commentRss>
			<slash:comments>0</slash:comments>
		
		
			</item>
		<item>
		<title>DNK Green Shoes</title>
		<link>./../../product/dnk-green-shoes/index.html</link>
					<comments>./../../product/dnk-green-shoes/index.html#respond</comments>
		
		<dc:creator><![CDATA[admin]]></dc:creator>
		<pubDate>Tue, 19 Dec 2017 15:02:20 +0000</pubDate>
				<guid isPermaLink="false">./../../product/dnk-green-shoes/index.html</guid>

					<description><![CDATA[Nam nec tellus a odio tincidunt auctor a ornare odio. Sed non mauris vitae erat consequat auctor eu in elit. Class aptent taciti sociosqu ad litora torquent per conubia nostra, per inceptos himenaeos. Mauris in erat justo. Nullam ac urna eu felis dapibus condimentum sit amet a augue. Sed non neque elit sed.]]></description>
										<content:encoded><![CDATA[<p>Nam nec tellus a odio tincidunt auctor a ornare odio. Sed non mauris vitae erat consequat auctor eu in elit. Class aptent taciti sociosqu ad litora torquent per conubia nostra, per inceptos himenaeos. Mauris in erat justo. Nullam ac urna eu felis dapibus condimentum sit amet a augue. Sed non neque elit sed.</p>
]]></content:encoded>
					
					<wfw:commentRss>./../../product/dnk-green-shoes/feed/index.html</wfw:commentRss>
			<slash:comments>0</slash:comments>
		
		
			</item>
		<item>
		<title>Black Hoodie</title>
		<link>./../../product/black-hoodie/index.html</link>
					<comments>./../../product/black-hoodie/index.html#respond</comments>
		
		<dc:creator><![CDATA[admin]]></dc:creator>
		<pubDate>Tue, 19 Dec 2017 14:41:04 +0000</pubDate>
				<guid isPermaLink="false">./../../product/black-hoodie/index.html</guid>

					<description><![CDATA[Nam nec tellus a odio tincidunt auctor a ornare odio. Sed non mauris vitae erat consequat auctor eu in elit. Class aptent taciti sociosqu ad litora torquent per conubia nostra, per inceptos himenaeos. Mauris in erat justo. Nullam ac urna eu felis dapibus condimentum sit amet a augue. Sed non neque elit sed.]]></description>
										<content:encoded><![CDATA[<p>Nam nec tellus a odio tincidunt auctor a ornare odio. Sed non mauris vitae erat consequat auctor eu in elit. Class aptent taciti sociosqu ad litora torquent per conubia nostra, per inceptos himenaeos. Mauris in erat justo. Nullam ac urna eu felis dapibus condimentum sit amet a augue. Sed non neque elit sed.</p>
]]></content:encoded>
					
					<wfw:commentRss>./../../product/black-hoodie/feed/index.html</wfw:commentRss>
			<slash:comments>0</slash:comments>
		
		
			</item>
	</channel>
</rss>
