<?xml version="1.0" encoding="UTF-8"?><rss version="2.0"
	xmlns:content="http://purl.org/rss/1.0/modules/content/"
	xmlns:wfw="http://wellformedweb.org/CommentAPI/"
	xmlns:dc="http://purl.org/dc/elements/1.1/"
	xmlns:atom="http://www.w3.org/2005/Atom"
	xmlns:sy="http://purl.org/rss/1.0/modules/syndication/"
	xmlns:slash="http://purl.org/rss/1.0/modules/slash/"
	>

<channel>
	<title>Women &#8211; ECOMMERSHA3</title>
	<atom:link href="./index.html" rel="self" type="application/rss+xml" />
	<link>./../../../index.html</link>
	<description>Just another WordPress site</description>
	<lastBuildDate>Thu, 21 Dec 2017 04:45:24 +0000</lastBuildDate>
	<language>en-US</language>
	<sy:updatePeriod>
	hourly	</sy:updatePeriod>
	<sy:updateFrequency>
	1	</sy:updateFrequency>
	<generator>https://wordpress.org/?v=5.6.1</generator>
	<item>
		<title>DNK Black Shoes</title>
		<link>./../../../product/dnk-black-shoes/index.html</link>
					<comments>./../../../product/dnk-black-shoes/index.html#respond</comments>
		
		<dc:creator><![CDATA[admin]]></dc:creator>
		<pubDate>Thu, 21 Dec 2017 04:45:24 +0000</pubDate>
				<guid isPermaLink="false">./../../../product/dnk-black-shoes/index.html</guid>

					<description><![CDATA[Nam nec tellus a odio tincidunt auctor a ornare odio. Sed non mauris vitae erat consequat auctor eu in elit. Class aptent taciti sociosqu ad litora torquent per conubia nostra, per inceptos himenaeos. Mauris in erat justo. Nullam ac urna eu felis dapibus condimentum sit amet a augue. Sed non neque elit sed.]]></description>
										<content:encoded><![CDATA[<p>Nam nec tellus a odio tincidunt auctor a ornare odio. Sed non mauris vitae erat consequat auctor eu in elit. Class aptent taciti sociosqu ad litora torquent per conubia nostra, per inceptos himenaeos. Mauris in erat justo. Nullam ac urna eu felis dapibus condimentum sit amet a augue. Sed non neque elit sed.</p>
]]></content:encoded>
					
					<wfw:commentRss>./../../../product/dnk-black-shoes/feed/index.html</wfw:commentRss>
			<slash:comments>0</slash:comments>
		
		
			</item>
		<item>
		<title>Blue Denim Jeans</title>
		<link>./../../../product/blue-denim-jeans/index.html</link>
					<comments>./../../../product/blue-denim-jeans/index.html#respond</comments>
		
		<dc:creator><![CDATA[admin]]></dc:creator>
		<pubDate>Tue, 19 Dec 2017 10:50:44 +0000</pubDate>
				<guid isPermaLink="false">./../../../product/blue-denim-jeans/index.html</guid>

					<description><![CDATA[Nam nec tellus a odio tincidunt auctor a ornare odio. Sed non mauris vitae erat consequat auctor eu in elit. Class aptent taciti sociosqu ad litora torquent per conubia nostra, per inceptos himenaeos. Mauris in erat justo. Nullam ac urna eu felis dapibus condimentum sit amet a augue. Sed non neque elit sed .]]></description>
										<content:encoded><![CDATA[<p>Nam nec tellus a odio tincidunt auctor a ornare odio. Sed non mauris vitae erat consequat auctor eu in elit. Class aptent taciti sociosqu ad litora torquent per conubia nostra, per inceptos himenaeos. Mauris in erat justo. Nullam ac urna eu felis dapibus condimentum sit amet a augue. Sed non neque elit sed .</p>
]]></content:encoded>
					
					<wfw:commentRss>./../../../product/blue-denim-jeans/feed/index.html</wfw:commentRss>
			<slash:comments>0</slash:comments>
		
		
			</item>
		<item>
		<title>Basic Gray Jeans</title>
		<link>./../../../product/basic-gray-jeans/index.html</link>
					<comments>./../../../product/basic-gray-jeans/index.html#respond</comments>
		
		<dc:creator><![CDATA[admin]]></dc:creator>
		<pubDate>Tue, 19 Dec 2017 10:50:33 +0000</pubDate>
				<guid isPermaLink="false">./../../../product/basic-gray-jeans/index.html</guid>

					<description><![CDATA[Nam nec tellus a odio tincidunt auctor a ornare odio. Sed non mauris vitae erat consequat auctor eu in elit. Class aptent taciti sociosqu ad litora torquent per conubia nostra, per inceptos himenaeos. Mauris in erat justo. Nullam ac urna eu felis dapibus condimentum sit amet a augue. Sed non neque elit sed .]]></description>
										<content:encoded><![CDATA[<p>Nam nec tellus a odio tincidunt auctor a ornare odio. Sed non mauris vitae erat consequat auctor eu in elit. Class aptent taciti sociosqu ad litora torquent per conubia nostra, per inceptos himenaeos. Mauris in erat justo. Nullam ac urna eu felis dapibus condimentum sit amet a augue. Sed non neque elit sed .</p>
]]></content:encoded>
					
					<wfw:commentRss>./../../../product/basic-gray-jeans/feed/index.html</wfw:commentRss>
			<slash:comments>0</slash:comments>
		
		
			</item>
		<item>
		<title>Slim Fit Blue Jeans</title>
		<link>./../../../product/slim-fit-blue-jeans/index.html</link>
					<comments>./../../../product/slim-fit-blue-jeans/index.html#respond</comments>
		
		<dc:creator><![CDATA[admin]]></dc:creator>
		<pubDate>Tue, 19 Dec 2017 10:50:22 +0000</pubDate>
				<guid isPermaLink="false">./../../../product/slim-fit-blue-jeans/index.html</guid>

					<description><![CDATA[Nam nec tellus a odio tincidunt auctor a ornare odio. Sed non mauris vitae erat consequat auctor eu in elit. Class aptent taciti sociosqu ad litora torquent per conubia nostra, per inceptos himenaeos. Mauris in erat justo. Nullam ac urna eu felis dapibus condimentum sit amet a augue. Sed non neque elit sed .]]></description>
										<content:encoded><![CDATA[<p>Nam nec tellus a odio tincidunt auctor a ornare odio. Sed non mauris vitae erat consequat auctor eu in elit. Class aptent taciti sociosqu ad litora torquent per conubia nostra, per inceptos himenaeos. Mauris in erat justo. Nullam ac urna eu felis dapibus condimentum sit amet a augue. Sed non neque elit sed .</p>
]]></content:encoded>
					
					<wfw:commentRss>./../../../product/slim-fit-blue-jeans/feed/index.html</wfw:commentRss>
			<slash:comments>0</slash:comments>
		
		
			</item>
		<item>
		<title>Blue Denim Shorts</title>
		<link>./../../../product/blue-denim-shorts/index.html</link>
					<comments>./../../../product/blue-denim-shorts/index.html#respond</comments>
		
		<dc:creator><![CDATA[admin]]></dc:creator>
		<pubDate>Tue, 19 Dec 2017 10:30:57 +0000</pubDate>
				<guid isPermaLink="false">./../../../product/blue-denim-shorts/index.html</guid>

					<description><![CDATA[Nam nec tellus a odio tincidunt auctor a ornare odio. Sed non mauris vitae erat consequat auctor eu in elit. Class aptent taciti sociosqu ad litora torquent per conubia nostra, per inceptos himenaeos. Mauris in erat justo. Nullam ac urna eu felis dapibus condimentum sit amet a augue. Sed non neque elit sed .]]></description>
										<content:encoded><![CDATA[<p>Nam nec tellus a odio tincidunt auctor a ornare odio. Sed non mauris vitae erat consequat auctor eu in elit. Class aptent taciti sociosqu ad litora torquent per conubia nostra, per inceptos himenaeos. Mauris in erat justo. Nullam ac urna eu felis dapibus condimentum sit amet a augue. Sed non neque elit sed .</p>
]]></content:encoded>
					
					<wfw:commentRss>./../../../product/blue-denim-shorts/feed/index.html</wfw:commentRss>
			<slash:comments>0</slash:comments>
		
		
			</item>
		<item>
		<title>Lemons Tshirt</title>
		<link>./../../../product/lemons-tshirt/index.html</link>
					<comments>./../../../product/lemons-tshirt/index.html#respond</comments>
		
		<dc:creator><![CDATA[admin]]></dc:creator>
		<pubDate>Tue, 19 Dec 2017 09:56:35 +0000</pubDate>
				<guid isPermaLink="false">./../../../product/lemons-tshirt/index.html</guid>

					<description><![CDATA[Nam nec tellus a odio tincidunt auctor a ornare odio. Sed non mauris vitae erat consequat auctor eu in elit. Class aptent taciti sociosqu ad litora torquent per conubia nostra, per inceptos himenaeos. Mauris in erat justo. Nullam ac urna eu felis dapibus condimentum sit amet a augue. Sed non neque elit sed .]]></description>
										<content:encoded><![CDATA[<p>Nam nec tellus a odio tincidunt auctor a ornare odio. Sed non mauris vitae erat consequat auctor eu in elit. Class aptent taciti sociosqu ad litora torquent per conubia nostra, per inceptos himenaeos. Mauris in erat justo. Nullam ac urna eu felis dapibus condimentum sit amet a augue. Sed non neque elit sed .</p>
]]></content:encoded>
					
					<wfw:commentRss>./../../../product/lemons-tshirt/feed/index.html</wfw:commentRss>
			<slash:comments>0</slash:comments>
		
		
			</item>
		<item>
		<title>Gray Pattern Tshirt</title>
		<link>./../../../product/gray-pattern-tshirt/index.html</link>
					<comments>./../../../product/gray-pattern-tshirt/index.html#respond</comments>
		
		<dc:creator><![CDATA[admin]]></dc:creator>
		<pubDate>Tue, 19 Dec 2017 09:56:32 +0000</pubDate>
				<guid isPermaLink="false">./../../../product/gray-pattern-tshirt/index.html</guid>

					<description><![CDATA[Nam nec tellus a odio tincidunt auctor a ornare odio. Sed non mauris vitae erat consequat auctor eu in elit. Class aptent taciti sociosqu ad litora torquent per conubia nostra, per inceptos himenaeos. Mauris in erat justo. Nullam ac urna eu felis dapibus condimentum sit amet a augue. Sed non neque elit sed .]]></description>
										<content:encoded><![CDATA[<p>Nam nec tellus a odio tincidunt auctor a ornare odio. Sed non mauris vitae erat consequat auctor eu in elit. Class aptent taciti sociosqu ad litora torquent per conubia nostra, per inceptos himenaeos. Mauris in erat justo. Nullam ac urna eu felis dapibus condimentum sit amet a augue. Sed non neque elit sed .</p>
]]></content:encoded>
					
					<wfw:commentRss>./../../../product/gray-pattern-tshirt/feed/index.html</wfw:commentRss>
			<slash:comments>0</slash:comments>
		
		
			</item>
		<item>
		<title>Flamingo Tshirt</title>
		<link>./../../../product/flamingo-tshirt/index.html</link>
					<comments>./../../../product/flamingo-tshirt/index.html#respond</comments>
		
		<dc:creator><![CDATA[admin]]></dc:creator>
		<pubDate>Tue, 19 Dec 2017 09:56:29 +0000</pubDate>
				<guid isPermaLink="false">./../../../product/flamingo-tshirt/index.html</guid>

					<description><![CDATA[Nam nec tellus a odio tincidunt auctor a ornare odio. Sed non mauris vitae erat consequat auctor eu in elit. Class aptent taciti sociosqu ad litora torquent per conubia nostra, per inceptos himenaeos. Mauris in erat justo. Nullam ac urna eu felis dapibus condimentum sit amet a augue. Sed non neque elit sed .]]></description>
										<content:encoded><![CDATA[<p>Nam nec tellus a odio tincidunt auctor a ornare odio. Sed non mauris vitae erat consequat auctor eu in elit. Class aptent taciti sociosqu ad litora torquent per conubia nostra, per inceptos himenaeos. Mauris in erat justo. Nullam ac urna eu felis dapibus condimentum sit amet a augue. Sed non neque elit sed .</p>
]]></content:encoded>
					
					<wfw:commentRss>./../../../product/flamingo-tshirt/feed/index.html</wfw:commentRss>
			<slash:comments>0</slash:comments>
		
		
			</item>
		<item>
		<title>Oranges Tshirt</title>
		<link>./../../../product/oranges-tshirt/index.html</link>
					<comments>./../../../product/oranges-tshirt/index.html#respond</comments>
		
		<dc:creator><![CDATA[admin]]></dc:creator>
		<pubDate>Tue, 19 Dec 2017 09:56:26 +0000</pubDate>
				<guid isPermaLink="false">./../../../product/oranges-tshirt/index.html</guid>

					<description><![CDATA[Nam nec tellus a odio tincidunt auctor a ornare odio. Sed non mauris vitae erat consequat auctor eu in elit. Class aptent taciti sociosqu ad litora torquent per conubia nostra, per inceptos himenaeos. Mauris in erat justo. Nullam ac urna eu felis dapibus condimentum sit amet a augue. Sed non neque elit sed .]]></description>
										<content:encoded><![CDATA[<p>Nam nec tellus a odio tincidunt auctor a ornare odio. Sed non mauris vitae erat consequat auctor eu in elit. Class aptent taciti sociosqu ad litora torquent per conubia nostra, per inceptos himenaeos. Mauris in erat justo. Nullam ac urna eu felis dapibus condimentum sit amet a augue. Sed non neque elit sed .</p>
]]></content:encoded>
					
					<wfw:commentRss>./../../../product/oranges-tshirt/feed/index.html</wfw:commentRss>
			<slash:comments>0</slash:comments>
		
		
			</item>
		<item>
		<title>White Underground Tshirt</title>
		<link>./../../../product/white-underground-tshirt/index.html</link>
					<comments>./../../../product/white-underground-tshirt/index.html#respond</comments>
		
		<dc:creator><![CDATA[admin]]></dc:creator>
		<pubDate>Tue, 19 Dec 2017 09:54:28 +0000</pubDate>
				<guid isPermaLink="false">./../../../product/white-underground-tshirt/index.html</guid>

					<description><![CDATA[Nam nec tellus a odio tincidunt auctor a ornare odio. Sed non mauris vitae erat consequat auctor eu in elit. Class aptent taciti sociosqu ad litora torquent per conubia nostra, per inceptos himenaeos. Mauris in erat justo. Nullam ac urna eu felis dapibus condimentum sit amet a augue. Sed non neque elit sed .]]></description>
										<content:encoded><![CDATA[<p>Nam nec tellus a odio tincidunt auctor a ornare odio. Sed non mauris vitae erat consequat auctor eu in elit. Class aptent taciti sociosqu ad litora torquent per conubia nostra, per inceptos himenaeos. Mauris in erat justo. Nullam ac urna eu felis dapibus condimentum sit amet a augue. Sed non neque elit sed .</p>
]]></content:encoded>
					
					<wfw:commentRss>./../../../product/white-underground-tshirt/feed/index.html</wfw:commentRss>
			<slash:comments>0</slash:comments>
		
		
			</item>
	</channel>
</rss>
